{
    "com": {
        "pos": [0.3, 0.04, 0.75]
    },
    "left_foot": {
        "shape": [0.12, 0.065],
        "friction": 0.5,
        "pos": [
            0.57785779237747192,
            0.38709041476249695,
            0.10231213271617889
        ],
        "robot_link": 20,
        "rpy": [
            0.47008350104274976,
            5.3997125596541066e-08,
            1.2930581213820404e-08
        ]
    },
    "left_hand": {
        "shape": [0.12, 0.065],
        "friction": 0.5,
        "pos": [
            0.65435177087783813,
            0.39171969890594482,
            1.026335597038269
        ],
        "robot_link": 48,
        "rpy": [
            1.3381710676315686,
            -0.23305234353606685,
            -0.77264784963182753
        ]
    },
    "right_foot": {
        "shape": [0.12, 0.065],
        "friction": 0.5,
        "pos": [
            -4.1245326087846479e-07,
            -0.31870916485786438,
            0.057613462209701538
        ],
        "robot_link": 13,
        "rpy": [
            -0.71244569943322367,
            0.0017363430578432853,
            0.00012478226610206157
        ]
    }
}
